<?xml version="1.0" encoding="UTF-8"?>
 <!DOCTYPE struts-config PUBLIC 
 "-//Apache Software Foundation//DTD Struts Configuration 1.3//EN" 
 "http://jakarta.apache.org/struts/dtds/struts-config_1_3.dtd">

 <struts-config>

   <form-beans>
  <!--     <form-bean name="helloWorldForm" 
     type="demo.HelloWorldForm"/>  -->
           <form-bean name="insertForm"   type="demo.InsertForm"/>
   </form-beans>

   <action-mappings>
      <action path="/input"
     type="demo.InputAction">
     <forward name="success" path="/input.jsp"/>
   		</action>
   
   
      <action path="/insert"
     type="demo.InsertAction"
     name="insertForm">
     <forward name="success" path="/index.html"/>

      </action>
   </action-mappings>
</struts-config>
