<?xml version="1.0" encoding="UTF-8"?>
<!DOCTYPE struts-config PUBLIC 
              "-//Apache Software Foundation//DTD Struts Configuration 1.3//EN" 
              "http://jakarta.apache.org/struts/dtds/struts-config_1_3.dtd">

<struts-config>
	<form-beans>
		<form-bean name="helloWorldForm" type="demo.HelloWorldForm" />
		<form-bean name="loginForm" type="demo.LoginForm" />
	</form-beans>

	<action-mappings>
		<action path="/helloWorld" type="demo.HelloWorldAction"
			name="helloWorldForm">
			<forward name="success" path="/login.jsp" />
		</action>
		<action path="/login" type="demo.LoginAction" name="loginForm"
			validate="true" input="/login.jsp">
			<forward name="success" path="/success.jsp" />
			<forward name="fail" path="/fail.jsp" />
		</action>

	</action-mappings>

	<message-resources parameter="common" />
</struts-config>